Family,Genera,Species,Genome,Genome topology,Genome size (kb/kbp),EnvelopeSort descending,Virion shape,Virion size,Host,ICTV Report Chapter
Abyssoviridae,1,1,ssRNA(+),1 linear segment,35.9-36.0,,,,invertebrates,
Adamaviridae,18,22,ssDNA(+); ssDNA(+/-),1-3 circular segments,1.7-4.1,,predicted icosahedral,,"invertebrates, vertebrates",Adamaviridae
Ahmunviridae,1,1,dsDNA,1 segment,41.5-41.6,,predicted rod-shaped,,archaea,Ahmunviridae
Ahpuchviridae,1,1,dsDNA,1 segment,71.0-71.1,,predicted head-tail,,archaea,Ahpuchviridae
Alphaormycoviridae,2,9,ssRNA,2 linear segments,4.0-5.0,,,,protists,
Alphasatellitidae,18,85,ssDNA(+); ssDNA(+/-),1 circular segment,0.9-1.6,,trans-encapsidated,,"plants, invertebrates",
Amesuviridae,2,2,ssDNA(+/-),1 circular segment,2.7-3.5,,predicted icosahedral,,plants,Amesuviridae
Anicreviridae,9,9,ssDNA(+/-),1 circular segment,1.9-2.5,,predicted icosahedral,,"invertebrates, vertebrates",Anicreviridae
Aoguangviridae,1,1,dsDNA,1 linear segment,92.2-92.3,,predicted head-tail,,archaea,Aoguangviridae
Armatusviridae,1,1,dsDNA,1 linear segment,51.1-51.2,,predicted head-tail,,archaea,
Avsunviroidae,3,5,ssRNA,1 circular segment,0.2-0.5,,capsidless,,plants,Avsunviroidae
Belpaoviridae,1,11,ssRNA-RT,2 identical linear segments,4.7-9.1,,,,"invertebrates, vertebrates",Belpaoviridae
Betaormycoviridae,2,7,ssRNA,2 linear segments,3.9-4.7,,,,"fungi, protists",
Burtonviroviridae,1,1,dsDNA,1 circular segment,29.7-29.8,,,,protists,
Carmotetraviridae,1,1,ssRNA(+),1 linear segment,6.1-6.2,,icosahedral,40 nm diameter,invertebrates,Carmotetraviridae
Chaacviridae,2,3,dsDNA,1 segment,10.1-10.8,,predicted icosahedral,,archaea,Chaacviridae
Chiyouviridae,1,1,dsDNA,1 linear segment,26.8-26.9,,predicted filamentous,,archaea,
Chuviridae,16,43,ssRNA(-),1-2 linear or circular segments,9.0-12.1,,,,"invertebrates, vertebrates",Chuviridae
Clermontviridae,1,1,dsDNA,1 linear segment,37.6-37.7,,predicted head-tail,,archaea,
Crepuscuviridae,1,1,ssRNA(-),1 linear segment,12.0-12.1,,,,invertebrates,Crepuscuviridae
Crevaviridae,3,4,dsDNA,1 segment,83.4-95.9,,predicted head-tail,,bacteria,
Deltanormycoviridae,1,4,ssRNA,2 linear segments,4.5-4.9,,,,"protists, fungi",
Discoviridae,1,6,ssRNA(-),3 linear segments,6.3-9.7,,,,fungi,Discoviridae
Dishuiviroviridae,1,1,dsDNA,1 circular segment,24.7-24.8,,,,protists,
Draupnirviridae,42,67,ssDNA(+); ssDNA(+/-),1 circular segment,1.5-5.3,,predicted icosahedral,,"invertebrates, vertebrates",Draupnirviridae
Dumbiviridae,1,7,ssRNA(+/-),1 circular segment,4.2-5.0,,capsidless,,fungi,
Ekchuahviridae,1,2,dsDNA,1 segment,71.7-80.6,,predicted head-tail,,archaea,
Endolinaviridae,4,10,ssDNA(+/-),1 circular segment,2.6-3.2,,predicted icosahedral,,protists,
Endornaviridae,2,31,ssRNA(+),1 linear segment,9.6-17.7,,capsidless,,"protists, fungi, plants",Endornaviridae
Eupolintoviridae,2,2,dsDNA,1 linear segment,12.5-12.8,,,,"invertebrates, vertebrates",Eupolintoviridae
Eurekaviridae,1,1,dsDNA,1 circular segment,17.9-18.0,,predicted spindle-shaped,,archaea,
Euroniviridae,2,3,ssRNA(+),1 linear segment,24.6-29.4,,,,invertebrates,
Fusariviridae,3,34,ssRNA(+),1 linear segment,5.9-10.8,,capsidless,,"protists, fungi",Fusariviridae
Gammaormycoviridae,2,6,ssRNA,2 linear segments,4.1-4.7,,,,fungi,
Gandrviridae,8,8,ssDNA(+/-),1 circular segment,5.2-9.1,,predicted icosahedral,,"invertebrates, vertebrates",Gandrviridae
Geplanaviridae,18,30,ssDNA(+); ssDNA(+/-),1 circular segment,1.9-3.0,,predicted icosahedral,,"plants, invertebrates, vertebrates",
Gresnaviridae,1,1,ssRNA(+),1 linear segment,18.4-18.5,,,,vertebrates,
Gulliviroviridae,1,1,dsDNA,1 linear segment,30.7-30.8,,,,protists,
Hadakaviridae,1,1,ssRNA(+),10-11 linear segments,14.3-15.3,,capsidless,,fungi,Hadakaviridae
Hakuzoviridae,1,1,ssRNA,2 linear segments,10.5,,,,predicted bacteria,
Huangdiviridae,1,1,dsDNA,1 linear segment,26.6,,predicted spindle-shaped,,predicted archaea,
Hypoviridae,8,39,ssRNA(+),1 linear segment,7.3-18.4,,capsidless,,"fungi, invertebrates",Hypoviridae
Itzamnaviridae,2,2,dsDNA,1 segment,25.5-48.9,,predicted spindle-shaped,,archaea,
Kairosviridae,1,1,dsDNA,1 linear segment,34.1-34.2,,predicted head-tail,,archaea,
Kanorauviridae,24,89,ssDNA(+); ssDNA(+/-),1 circular segment,1.7-4.0,,predicted icosahedral,,"plants, invertebrates, vertebrates",
Kirkoviridae,10,12,ssDNA(+); ssDNA(+/-),1 circular segment,2.8-4.3,,predicted icosahedral,,vertebrates,Kirkoviridae
Konodaiviridae,3,3,dsDNA,1 linear segment,56.8-57.7,,predicted head-tail,,bacteria,
Leishbuviridae,1,11,ssRNA(-),3 linear segments,6.9-10.4,,,,protists,Leishbuviridae
Lutetiaviridae,1,1,dsDNA,1 linear segment,83.0-83.1,,predicted head-tail,,archaea,
Mahapunaviridae,11,31,ssDNA(+/-),1 circular segment,1.9-2.5,,predicted icosahedral,,"plants, invertebrates, vertebrates",
Medioniviridae,2,2,ssRNA(+),1 linear segment,25.0-25.1,,,,invertebrates,
Metaviridae,2,31,ssRNA-RT,2 identical linear segments,4.9-13.6,,icosahedral VLP,47 nm diameter,"protists, fungi, plants, invertebrates, vertebrates",Metaviridae
Mitoviridae,4,105,ssRNA(+),1 linear segment,2.1-5.0,,,,"fungi, plants",
Mononiviridae,1,1,ssRNA(+),1 linear segment,41.1-41.2,,,,invertebrates,
Mycoalphaviridae,2,7,ssRNA(+),1 linear segment,6.0-8.1,,,,"protists, fungi",
Nanghoshaviridae,1,1,ssRNA(+),1 linear segment,13.1-13.2,,,,vertebrates,
Nanhypoviridae,1,1,ssRNA(+),1 linear segment,18.2-18.3,,,,vertebrates,
Narnaviridae,1,2,ssRNA(+),1 linear segment,2.5-2.9,,capsidless,,fungi,Narnaviridae
Naryaviridae,11,14,ssDNA(+); ssDNA(+/-),1 circular segment,1.7-2.8,,predicted icosahedral,,protists,
Nenyaviridae,6,7,ssDNA(+),1 circular segment,1.6-3.0,,predicted icosahedral,,protists,
Nipumfusiviridae,4,10,dsDNA; ssDNA,1 linear segment,27.1-38.1,,predicted spindle-shaped,,archaea,
Olifoviridae,1,1,ssRNA(+),1 linear segment,15.3-15.4,,,,vertebrates,
Omnilimnoviroviridae,1,1,dsDNA,1 circular segment,23.3-23.4,,,,protists,
Oomyviridae,3,38,ssDNA,1 linear segment,2.9-4.7,,,,predicted protists,
Ootiviridae,1,7,dsRNA,1 linear segment,5.2-5.9,,,,protists,
Ouroboviridae,30,50,ssDNA(+/-),1 circular segment,1.2-2.6,,predicted icosahedral,,"invertebrates, vertebrates",Ouroboviridae
Parnassusviridae,1,1,dsDNA,1 circular segment,10.0-10.1,,predicted icosahedral,,bacteria,
Pecoviridae,8,15,ssDNA(+/-),1 circular segment,2.7-3.1,,predicted icosahedral,,vertebrates,Pecoviridae
Phypoliviridae,1,1,dsDNA,1 linear segment,26.4-26.5,,icosahedral,56-58 nm diameter,protists,
Pigerviridae,1,1,dsDNA,1 linear segment,53.2-53.3,,predicted head-tail,,archaea,
Pospiviroidae,5,40,ssRNA,1 circular segment,0.2-0.4,,capsidless,,plants,Pospiviroidae
Qinviridae,1,8,ssRNA(-),2 linear segments,7.3-8.3,,,,invertebrates,Qinviridae
Quambiviridae,1,4,ssRNA(+/-),1 circular segment,4.5-5.2,,,,fungi,
Redondoviridae,1,2,ssDNA(+/-),1 circular segment,3.0-3.1,,predicted icosahedral,,vertebrates,Redondoviridae
Ruviroviridae,1,1,dsDNA,1 linear segment,26.2-26.3,,,,protists,
Skuldviridae,1,2,dsDNA,1 segment,11.2-11.5,,predicted head-tail,,archaea,
Smacoviridae,12,143,ssDNA(+/-),1 circular segment,2.2-3.1,,predicted icosahedral,,predicted archaea,Smacoviridae
Solspiviridae,55,101,ssRNA(+),1 linear segment,3.4-5.9,,,,bacteria,
Soropartitiviridae,1,1,dsRNA,2 linear segments,3.4,,,,bacteria,
Speroviridae,1,1,dsDNA,1 segment,42.4-42.5,,predicted head-tail,,archaea,
Spiciviridae,1,13,dsRNA,1 linear segment,6.1-8.8,,,,"plants, invertebrates",
Splipalmiviridae,3,16,ssRNA(+),2-4 linear segments,4.0-7.0,,,,fungi,
Sunviridae,1,1,ssRNA(-),1 linear segment,17.1-17.2,,,,vertebrates,Sunviridae
Suoliviridae,16,36,dsDNA,1 segment,92.6-104.8,,predicted head-tail,,bacteria,
Tolecusatellitidae,2,131,ssDNA; ssDNA(-),1 circular segment,0.6-1.4,,trans-encapsidated,,plants,
Toyamaviridae,3,3,dsDNA,1 linear segment,62.1-68.0,,,,bacteria,
Trimbiviridae,1,5,ssRNA(+/-),1 circular segment,4.4-5.0,,,,fungi,
Tulasviridae,2,2,ssRNA(+/-),1 linear segment,12.1-14.3,,,,fungi,Tulasviridae
Umezonoviridae,2,55,dsDNA,1 linear segment,28.7-31.8,,,,bacteria,
Unambiviridae,1,4,ssRNA(+/-),1 circular segment,4.3-4.9,,,,fungi,
Verdandiviridae,2,3,dsDNA,1 segment,19.5-20.5,,predicted head-tail,,archaea,
Vilyaviridae,15,27,ssDNA; ssDNA(+/-),1 circular segment,1.9-2.4,,predicted icosahedral,,protists,
Wupedeviridae,1,1,ssRNA(-),3 linear segments,20.4-20.5,,,,invertebrates,Wupedeviridae
Xinmoviridae,22,25,ssRNA(-),1 linear segment,9.6-15.7,,,,invertebrates,Xinmoviridae
Yadokariviridae,2,10,ssRNA(+),1 linear segment,2.8-6.4,,trans-encapsidated,,fungi,Yadokariviridae
Yangangviridae,3,3,dsDNA,1 segment,36.6-38.3,,predicted head-tail,,archaea,
Yanlukaviridae,1,1,dsDNA,1 segment,35.8-35.9,,predicted head-tail,,archaea,
Yaraviridae,1,1,dsDNA,1 linear segment,44.9-45.0,,icosahedral,80 nm diameter,protists,
Yueviridae,1,2,ssRNA(-),2 linear segments,7.7-8.2,,,,invertebrates,Yueviridae
Asemoviridae,2,2,dsDNA,1 circular segment,10.0-10.6,inner membrane,icosahedral,80 nm diameter,bacteria,
Finnlakeviridae,1,1,ssDNA,1 circular segment,9.1-9.2,inner membrane,icosahedral,60 nm diameter,bacteria,Finnlakeviridae
Mestraviridae,2,2,dsDNA,1 circular segment,8.8,inner membrane,icosahedral,60 nm diameter,bacteria,
Ackermannviridae,10,63,dsDNA,1 linear segment,143.2-164.1,no,head-tail,"80-105 nm diameter head, 111-143 nm long tail",bacteria,
Adenoviridae,6,125,dsDNA,1 linear segment,24.6-48.4,no,icosahedral,90 nm diameter,vertebrates,Adenoviridae
Aggregaviridae,1,1,dsDNA,1 segment,43.1-43.2,no,head-tail,"45 nm diameter head, 123 nm long tail",bacteria,
Aliceevansviridae,3,126,dsDNA,1 linear segment,32.0-45.7,no,head-tail,"50 nm diameter head, 120-200 nm long tail",bacteria,
Alisviridae,1,8,dsDNA,1 linear segment,33.2-35.3,no,predicted head-tail,,bacteria,
Allomimiviridae,2,2,dsDNA,1 circular segment,668.0-668.1,no,icosahedral,180-257 nm diameter,protists,
Alphaflexiviridae,6,72,ssRNA(+),1 linear segment,5.4-8.9,no,filamentous,"470-670 nm long, 12-13 nm diameter","fungi, plants",Alphaflexiviridae
Alphatetraviridae,2,10,ssRNA(+),1-2 linear segments,6.6-8.0,no,icosahedral,32-40 nm diameter,invertebrates,Alphatetraviridae
Alternaviridae,1,5,dsRNA,3-4 linear segments,8.4-10.9,no,icosahedral,30-33 nm diameter,fungi,Alternaviridae
Alvernaviridae,1,1,ssRNA(+),1 linear segment,4.3-4.4,no,icosahedral,28-32 nm diameter,protists,
Amalgaviridae,3,23,dsRNA,1 linear segment,2.8-3.5,no,predicted filamentous,,"fungi, plants",Amalgaviridae
Anaerodiviridae,1,1,dsDNA,1 linear segment,37.1-37.2,no,head-tail,"60 nm diameter head, 230 nm long tail",archaea,Anaerodiviridae
Andersonviridae,5,123,dsDNA,1 linear segment,78.3-92.1,no,head-tail,"70-80 nm diameter head, 120 nm long tail",bacteria,
Anelloviridae,37,243,ssDNA(-),1 circular segment,1.7-4.0,no,icosahedral,30-32 nm diameter,"invertebrates, vertebrates",
Apasviridae,1,1,dsDNA,1 linear segment,108.2-108.3,no,predicted head-tail,,archaea,
Arenbergviridae,1,1,dsDNA,1 linear segment,286.7-286.8,no,head-tail,"131 nm diameter head, 136 nm long tail",bacteria,
Artiviridae,1,9,dsRNA,1 linear segment,6.7-8.3,no,icosahedral,40 nm diameter,invertebrates,Artiviridae
Aspiviridae,1,8,ssRNA(-); ssRNA(+/-),3-4 linear segments,11.0-12.5,no,filamentous,"700-2000 nm long, 3 nm diameter",plants,Aspiviridae
Assiduviridae,3,3,dsDNA,1 linear segment,53.3-57.5,no,head-tail,"57 nm diameter head, 90-140 nm long tail",bacteria,
Astroviridae,2,22,ssRNA(+),1 linear segment,6.1-7.4,no,icosahedral,28-35 nm diameter,vertebrates,Astroviridae
Atkinsviridae,123,262,ssRNA(+),1 linear segment,3.3-4.7,no,icosahedral,30 nm diameter,bacteria,
Autolykiviridae,4,5,dsDNA,1 linear segment,10.0-10.7,no,icosahedral,85 nm diameter,bacteria,
Autonotataviridae,41,99,dsDNA,1 linear segment,30.7-45.0,no,head-tail,"50-70 nm diameter head, 20 nm long tail",bacteria,
Autoscriptoviridae,37,277,dsDNA,1 linear segment,35.5-49.4,no,head-tail,"50-70 nm diameter head, 20 nm long tail",bacteria,
Autosignataviridae,19,76,dsDNA,1 linear segment,37.7-47.9,no,head-tail,"50-70 nm diameter head, 20 nm long tail",bacteria,
Autotranscriptaviridae,48,411,dsDNA,1 linear segment,31.5-45.0,no,head-tail,"50-70 nm diameter head, 20 nm long tail",bacteria,
Bacilladnaviridae,7,22,ssDNA(+/-),1 circular segment (+) and 1 linear segment (-),"4-6 (+), 0.8 (-)",no,icosahedral,35 nm diameter,"protists, invertebrates",
Barnaviridae,1,1,ssRNA(+),1 linear segment,4.0-4.1,no,bacilliform,"20 nm diameter, 50 nm long",fungi,
Bartogtaviriformidae,1,1,dsDNA,multisegmented,uncertain,no,head-tail,uncertain,bacteria,
Benyviridae,1,4,ssRNA(+),2-5 linear segments,11.2-16.0,no,rod-shaped,"20 nm diameter, 85-390 nm long",plants,Benyviridae
Berryhillviridae,9,21,dsDNA,1 linear segment,46.6-51.3,no,head-tail,"50-70 nm diameter head, 110 nm long tail",bacteria,
Betaflexiviridae,15,152,ssRNA(+),1 linear segment,6.4-9.5,no,filamentous,"12 nm diameter, 600-1000 nm long",plants,Betaflexiviridae
Bicaudaviridae,1,1,dsDNA,1 circular segment,62.7-62.8,no,spindle-shaped,"80-120 nm body, ≦400 nm tails",archaea,Bicaudaviridae
Bidnaviridae,1,1,ssDNA(+/-),2 linear segments,12.5-12.6,no,icosahedral,25 nm diameter,invertebrates,Bidnaviridae
Birnaviridae,7,11,dsRNA,2 linear segments,5.7-6.7,no,icosahedral,65 nm diameter,"invertebrates, vertebrates",Birnaviridae
Blumeviridae,29,38,ssRNA(+),1 linear segment,3.7-4.9,no,spherical,25 nm diameter,bacteria,
Botourmiaviridae,12,159,ssRNA(+),1 or 3 linear segments,1.6-5.3,no,bacilliform or capsidless,"32-60 nm long, 18 nm wide","fungi, plants",Botourmiaviridae
Botybirnaviridae,1,9,dsRNA,2 linear segments,11.0-12.5,no,icosahedral,35-40 nm diameter,fungi,
Brachygtaviriformidae,1,1,dsDNA,multisegmented,uncertain,no,head-tail,"45nm diameter head, 65 nm long tail",bacteria,
Bromoviridae,6,52,ssRNA(+),3 linear segments,7.7-8.9,no,icosahedral or bacilliform,"26-35 nm diameter, or 18-26 nm diameter and 30-85 nm long",plants,Bromoviridae
Caliciviridae,11,12,ssRNA(+),1 linear segment,6.4-8.3,no,icosahedral,27-40 nm diameter,vertebrates,Caliciviridae
Casidaviridae,15,41,dsDNA,1 linear segment,40.4-50.2,no,head-tail,"50 nm diameter head, 200 nm long tail",bacteria,
Casjensviridae,24,51,dsDNA,1 linear segment,54.4-64.0,no,head-tail,"50-70 nm diameter head, 200-230 nm long tail",bacteria,
Caulimoviridae,11,108,dsDNA-RT,1 circular segment,6.4-9.9,no,spherical or bacilliform,"45-50 nm diameter, or 30 nm diameter and 60-900 nm long",plants,Caulimoviridae
Chaseviridae,13,30,dsDNA,1 linear segment,50.7-57.5,no,head-tail,"53-65 nm diameter head, 116-166 nm long tail",bacteria,Chaseviridae
Chimalliviridae,33,50,dsDNA,1 segment,211.2-316.7,no,head-tail,"variable, 100-200 nm diameter head, 150-250 nm long tail",bacteria,
Chrysoviridae,2,31,dsRNA,3-7 linear segments,8.8-16.1,no,icosahedral,40 nm diameter,"fungi, plants, invertebrates",Chrysoviridae
Circoviridae,2,160,ssDNA(+/-),1 circular segment,1.6-2.4,no,icosahedral,20 nm diameter,"invertebrates, vertebrates",Circoviridae
Clavaviridae,1,1,dsDNA,1 circular segment,5.2-5.3,no,rigid rods,"16 nm diameter, 140 nm long",archaea,Clavaviridae
Closteroviridae,7,58,ssRNA(+),1-3 linear segments,13.0-19.3,no,filamentous,"12 nm diameter, 650-2200 nm long",plants,Closteroviridae
Colingsworthviridae,7,13,dsDNA,1 linear segment,40.4-45.7,no,head-tail,"50 nm diameter head, 100 nm long tail",bacteria,
Connertonviridae,2,20,dsDNA,1 linear segment,123.8-183.2,no,head-tail,"75-80 nm diameter head, 100 nm long tail",bacteria,
Corticoviridae,1,2,dsDNA,1 circular segment,10.0-10.6,no,icosahedral,56 nm diameter,bacteria,Corticoviridae
Curvulaviridae,1,8,dsRNA,2 linear segments,3.7-4.3,no,icosahedral,27 nm diameter,fungi,
Deltaflexiviridae,1,4,ssRNA(+),1 linear segment,7.7-8.3,no,icosahedral,30 nm diameter,fungi,Deltaflexiviridae
Demerecviridae,15,196,dsDNA,1 linear segment,101.6-138.0,no,head-tail,"70-90 nm diameter head, 150-160 nm long tail",bacteria,
Dicistroviridae,3,16,ssRNA(+),1 linear segment,8.0-10.5,no,icosahedral,30 nm diameter,invertebrates,Dicistroviridae
Drexlerviridae,33,236,dsDNA,1 linear segment,37.6-54.5,no,head-tail,"50-75 nm diameter head, 100-170 nm long tail",bacteria,
Druskaviridae,2,2,dsDNA,1 linear segment,102.3-103.3,no,head-tail,"85 nm diameter head, 115 nm long tail",archaea,Druskaviridae
Duinviridae,10,12,ssRNA(+),1 linear segment,3.5-4.5,no,icosahedral,25 nm diameter,bacteria,
Duneviridae,3,6,dsDNA,1 linear segment,39.2-47.0,no,head-tail,"60 nm diameter head, 130 nm long tail",bacteria,
Ehrlichviridae,7,19,dsDNA,1 linear segment,48.4-52.9,no,head-tail,"40-50 nm diameter head, 100-200 nm long tail",bacteria,
Epsomviridae,1,1,dsDNA,1 linear segment,659.9-660.0,no,predicted head-tail,,bacteria,
Felixviridae,3,3,dsDNA,1 linear segment,44.7-46.5,no,head-tail,"50 nm diameter head, 100 nm long tail",bacteria,
Fervensviridae,1,1,dsDNA,1 linear segment,31.2-31.3,no,head-tail,"50 nm diameter head, 150 nm long tail",archaea,
Fiersviridae,308,827,ssRNA(+),1 linear segment,3.2-5.1,no,icosahedral,25-26 nm diameter,bacteria,
Forsetiviridae,1,2,dsDNA,1 linear segment,43.9-47.2,no,head-tail,"50 nm diameter head, 155 nm long tail",bacteria,
Fredfastierviridae,1,2,dsDNA,1 linear segment,43.3-43.5,no,head-tail,"90 nm diameter head, 20 nm long tail",bacteria,
Fusagraviridae,1,20,dsRNA,1 linear segment,8.1-10.8,no,icosahedral or capsidless,40 nm diameter,"protists, fungi, plants",
Fuselloviridae,2,9,dsDNA,1 circular segment,14.7-24.2,no,spindle-shaped,"900 nm long, 50nm wide",archaea,Fuselloviridae
Fuxiviridae,1,1,dsDNA,1 linear segment,31.9-32.0,no,predicted head-tail,,archaea,
Gammaflexiviridae,3,4,ssRNA(+),1 linear segment,6.8-9.6,no,filamentous,"12 nm diameter, 720 nm long",fungi,Gammaflexiviridae
Geminiviridae,15,549,ssDNA(+/-),1-2 circular segments,2.3-5.6,no,geminate,"18-22 nm diameter, 30-38 nm long","plants, invertebrates",Geminiviridae
Genomoviridae,10,237,ssDNA(+/-),1 circular segment,1.9-2.4,no,icosahedral,20-22 nm diameter,"fungi, plants, invertebrates, vertebrates",
Giardiaviridae,1,1,dsRNA,1 linear segment,6.2-6.3,no,icosahedral,35 nm diameter,protists,
Graaviviridae,2,2,dsDNA,1 linear segment,39.7-42.3,no,head-tail,"55 nm diameter head, 70 nm long tail",archaea,Graaviviridae
Grimontviridae,8,16,dsDNA,1 linear segment,75.1-112.2,no,prolate head-tail,"220 nm long and 40 nm wide head, 20 nm long tail",bacteria,
Guelinviridae,5,17,dsDNA,1 linear segment,17.7-19.6,no,head-tail,"40-44 nm diameter head, 15-37 nm long tail",bacteria,
Hafunaviridae,4,10,dsDNA,1 linear segment,56.5-76.9,no,head-tail,"58 nm diameter head, 94 nm long tail",archaea,Hafunaviridae
Haloferuviridae,3,3,dsDNA,1 linear segment,35.7-38.1,no,head-tail,"50 nm diameter head, 60 nm long tail",archaea,Haloferuviridae
Halomagnusviridae,1,1,dsDNA,1 linear segment,143.8-143.9,no,head-tail,"47-108 nm diameter head, tail variable or unknown",archaea,Halomagnusviridae
Helgolandviridae,1,1,dsDNA,1 linear segment,37.5-37.6,no,head-tail,"49 nm diameter head, 138 nm long tail",bacteria,
Herelleviridae,34,119,dsDNA,1 linear segment,106.0-167.5,no,head-tail,"84-94 nm diameter head, 140-220 nm long tail",bacteria,Herelleviridae
Hodgkinviridae,5,21,dsDNA,1 linear segment,52.6-56.1,no,head-tail,"70 nm diameter head, 150 nm long tail",bacteria,
Iflaviridae,1,16,ssRNA(+),1 linear segment,8.8-11.0,no,icosahedral,22-30 nm diameter,invertebrates,Iflaviridae
Inoviridae,26,52,ssDNA(+); ssDNA(+/-),1 circular segment,5.2-10.9,no,filamentous,"7 nm diameter, 600-2500 nm long",bacteria,Inoviridae
Inseviridae,1,16,dsRNA,1 linear segment,5.3-6.6,no,icosahedral,30 nm diameter,invertebrates,Inseviridae
Intestiviridae,12,19,dsDNA,1 segment,89.7-98.1,no,head-tail,"80 nm diameter head, 40 nm long tail",bacteria,
Jeanschmidtviridae,7,14,dsDNA,1 linear segment,207.2-356.3,no,prolate head-tail,"250-300 nm long and 50-100 nm wide head, 300 nm long tail",bacteria,
Kleczkowskaviridae,1,2,dsDNA,1 linear segment,206.8-207.7,no,predicted head-tail,,bacteria,
Konkoviridae,1,2,ssRNA(-),4 linear segments,10.2-10.3,no,filamentous,"7-11 nm diameter, 300-1600 nm long",plants,Konkoviridae
Krittikaviridae,1,1,dsDNA,1 linear segment,79.9-80.0,no,predicted head-tail,,archaea,
Kruegerviridae,2,5,dsDNA,1 linear segment,84.5-87.6,no,head-tail,,bacteria,
Kunpengviridae,1,1,dsDNA,1 linear segment,35.7-35.8,no,predicted head-tail,,archaea,
Kyanoviridae,54,66,dsDNA,1 linear segment,144.3-252.5,no,diverse head-tail,"60 nm diameter head, 20 nm long tail 120 nm long and 60 nm wide head, 120 nm long tail 140 nm long and 75 nm wide head, 325 nm long tail",bacteria,
Lakviridae,3,7,dsDNA,1 linear segment,476.0-548.0,no,predicted head-tail,,bacteria,
Lebotiviridae,1,8,dsRNA,1 linear segment,6.7-8.1,no,icosahedral,40 nm diameter,invertebrates,Lebotiviridae
Leisingerviridae,1,1,dsDNA,1 linear segment,26.1-26.2,no,head-tail,"55 nm diameter head, 210 nm long tail",archaea,Leisingerviridae
Lindbergviridae,10,67,dsDNA,1 linear segment,60.7-73.2,no,head-tail,"75 nm diameter, 140 nm long",bacteria,
Ludisviridae,1,1,dsDNA,1 linear segment,48.6-48.7,no,predicted head-tail,,bacteria,
Madisaviridae,1,1,dsDNA,1 linear segment,49.1-49.2,no,head-tail,"50 nm diameter head, 110 nm long tail",archaea,Madisaviridae
Madridviridae,1,2,dsDNA,1 linear segment,19.3-19.8,no,prolate head-tail,"65 nm long and 45 nm wide head, 20 nm long tail",bacteria,
Mamonoviridae,1,2,dsDNA,1 linear segment,362.8-381.3,no,icosahedral,260 nm diameter,protists,
Marnaviridae,7,20,ssRNA(+),1 linear segment,6.3-9.6,no,icosahedral,22-35 nm diameter,protists,Marnaviridae
Marseilleviridae,2,4,dsDNA,1 circular segment,346.7-380.1,no,icosahedral,190-250 nm diameter,protists,
Matsushitaviridae,1,2,dsDNA,1 circular segment,17.0-19.7,no,icosahedral,130 nm diameter,bacteria,
Maviroviridae,1,1,dsDNA,1 circular segment,19.0-19.1,no,icosahedral,50-60 nm diameter,protists,
Mayoviridae,2,4,ssRNA(+),2 linear segments,7.6-9.3,no,icosahedral,33 mn diameter,plants,Mayoviridae
Mazoviaviridae,1,1,dsDNA,1 linear segment,120.1-120.2,no,head-tail,"70 nm diameter head, 60 nm long tail",bacteria,
Megabirnaviridae,1,5,dsRNA,2 linear segments,13.9-17.0,no,icosahedral,52 nm diameter,fungi,Megabirnaviridae
Megatotiviridae,1,2,dsRNA,1 linear segment,12.4-13.4,no,icosahedral,50 nm diameter,fungi,
Mesomimiviridae,1,3,dsDNA,1 linear segment,437.2-473.6,no,icosahedral,150 nm diameter,protists,
Mesyanzhinovviridae,14,33,dsDNA,1 linear segment,55.1-64.1,no,prolate head-tail,"70 nm long and 50 nm wide head, 15-145 nm long tail",bacteria,
Metaxyviridae,1,1,ssDNA(+),3-4 circular segments,4.4-4.5,no,icosahedral,20 nm diameter,plants,Metaxyviridae
Microviridae,7,22,ssDNA(+),1 circular segment,4.4-6.3,no,icosahedral,25-30 nm diameter,bacteria,
Mimiviridae,9,15,dsDNA,1 linear segment,617.4-1992.0,no,icosahedral,440-450 nm diameter (capsid),protists,
Mktvariviridae,3,31,dsDNA,1 linear segment,68.5-79.5,no,head-tail,"150 x 50 nm head, 15 nm tail",bacteria,
Molycolviridae,1,2,dsDNA,1 linear segment,124.1-124.7,no,head-tail,"75 nm diameter head, 100 nm long tail",bacteria,
Monocitiviridae,1,1,dsRNA,1 linear segment,6.0-6.1,no,icosahedral,43 nm diameter,fungi,
Mymonaviridae,9,61,ssRNA(-),1 linear segment,5.6-11.7,no,filamentous,"20-50 nm diameter, 1000 nm long","protists, fungi, invertebrates",Mymonaviridae
Nanoviridae,2,15,ssDNA(+),6-8 circular segments,6.3-8.2,no,icosahedral,17-19 nm diameter,plants,Nanoviridae
Naomviridae,1,1,dsDNA,1 linear segment,75.0-75.1,no,head-tail,"50 nm diameter head, 220 nm long tail",bacteria,
Nixviridae,5,15,dsDNA,1 linear segment,41.9-49.6,no,predicted head-tail,,bacteria,
Nodaviridae,2,9,ssRNA(+),2 linear segments,4.2-4.6,no,icosahedral,25-33 nm diameter,"invertebrates, vertebrates",Nodaviridae
Noraviridae,1,1,ssRNA(+),1 linear segment,12.3-12.4,no,icosahedral,30 nm diameter,invertebrates,
Obscuriviridae,2,3,ssDNA,1 circular segment,6.4-6.6,no,icosahedral,70 nm diameter,bacteria,
Orlajensenviridae,3,11,dsDNA,1 linear segment,17.0-17.6,no,head-tail,"40 nm diameter head, 110 nm long tail",bacteria,
Orpheoviridae,1,1,dsDNA,1 circular segment,1473.5-1473.6,no,ovoid,"1000-1500 nm long, 500 nm wide",protists,
Orthototiviridae,1,32,dsRNA,1 linear segment,3.9-5.6,no,icosahedral,40-49 nm diameter,"protists, fungi, plants, invertebrates",Orthototiviridae
Pachyviridae,3,5,dsDNA,1 linear segment,71.4-78.9,no,head-tail,"60 nm diameter head, 20 nm long tail",bacteria,
Pamosaviridae,1,1,ssRNA(+),1 linear segment,0.8-0.9,no,icosahedral,20 nm diameter,plants,Pamosaviridae
Papillomaviridae,53,133,dsDNA,1 circular segment,5.7-8.7,no,icosahedral,55 nm diameter,vertebrates,Papillomaviridae
Partitiviridae,5,45,dsRNA,2 linear segments,3.0-4.8,no,icosahedral,25-43 nm diameter,"protists, fungi, plants",Partitiviridae
Parvoviridae,28,243,ssDNA; ssDNA(+/-),1-2 linear segments,3.4-6.7,no,icosahedral,18-26 nm diameter,"invertebrates, vertebrates",Parvoviridae
Paulinoviridae,2,3,ssDNA(+),1 circular segment,5.6-5.9,no,filamentous,"7-12 nm diameter, 620-830 nm long",bacteria,Paulinoviridae
Peduoviridae,58,126,dsDNA,1 linear segment,27.4-45.0,no,head-tail,"55-60 nm diameter head, 135-150 nm long tail",bacteria,
Permutotetraviridae,1,2,ssRNA(+),1 linear segment,5.6-5.7,no,icosahedral,40 nm diameter,invertebrates,Permutotetraviridae
Pervagoviridae,1,2,dsDNA,1 linear segment,72.5-73.0,no,head-tail,"60 nm diameter head, 23 nm long tail",bacteria,
Phlegiviridae,1,4,dsRNA,1 linear segment,9.4-11.6,no,icosahedral or capsidless,55 nm diameter,fungi,
Phycodnaviridae,6,14,dsDNA,1 linear segment,154.6-407.4,no,icosahedral,100-220 nm diameter,protists,
Picobirnaviridae,1,3,dsRNA,2 linear segments,3.5-4.3,no,icosahedral,33-37 nm diameter,bacteria,Picobirnaviridae
Picornaviridae,68,159,ssRNA(+),1 linear segment,2.1-10.2,no,icosahedral,30-32 nm diameter,vertebrates,Picornaviridae
Pistolviridae,1,4,dsRNA,1 linear segment,5.8-6.7,no,icosahedral,50 nm diameter,vertebrates,Pistolviridae
Pithoviridae,2,6,dsDNA,1 circular segment,460.0-683.3,no,ovoid,"1000-1500 nm long, 500 nm wide",protists,
Plectroviridae,4,6,ssDNA(+),1 circular segment,4.4-8.3,no,rod-shaped,"10-16 nm diameter, 70-280 nm long",bacteria,Plectroviridae
Polycipiviridae,3,14,ssRNA(+),1 linear segment,10.3-12.2,no,icosahedral,33 nm diameter,invertebrates,Polycipiviridae
Polymycoviridae,1,10,dsRNA,4-8 linear segments,7.4-12.3,no,filamentous or unconventional,"12 nm diameter, ≧1000 nm long",fungi,Polymycoviridae
Polyomaviridae,8,122,dsDNA,1 circular segment,3.9-7.4,no,icosahedral,40-45 nm diameter,vertebrates,Polyomaviridae
Pootjesviridae,5,11,dsDNA,1 linear segment,143.3-158.6,no,head-tail,"84-90 nm diameter head, 80-140 nm long tail",bacteria,
Portogloboviridae,1,2,dsDNA,1 circular segment,20.2-20.5,no,icosahedral,90 nm diameter,archaea,Portogloboviridae
Potyviridae,13,259,ssRNA(+),1-2 linear segments,8.1-11.7,no,filamentous,"11-20 nm diameter, 650-950 nm long",plants,Potyviridae
Pseudototiviridae,4,46,dsRNA,1 linear segment,4.6-6.3,no,icosahedral,30-45 nm diameter,"protists, fungi, vertebrates",
Pseudoviridae,3,33,ssRNA-RT,2 identical linear segments,4.6-21.9,no,spherical or ovoid,20-40 nm diameter,"protists, fungi, plants, invertebrates",Pseudoviridae
Pungoviridae,1,1,dsDNA,1 linear segment,37.0-37.1,no,head-tail,"60 nm diameter head, 125 nm long tail",archaea,
Pyrstoviridae,1,1,dsDNA,1 linear segment,42.2-42.3,no,head-tail,"50 nm diameter head, 60 nm long tail",archaea,Pyrstoviridae
Quadriviridae,1,3,dsRNA,4 linear segments,16.8-17.6,no,icosahedral,48 nm diameter,fungi,Quadriviridae
Rhodogtaviriformidae,4,4,dsDNA,multisegmented,uncertain,no,"oblate, head-tail","45 nm long and 65 nm wide head, 50 nm long tail",bacteria,
Rountreeviridae,6,38,dsDNA,1 linear segment,16.6-18.9,no,head-tail,"55 nm diameter head, 27 nm long tail",bacteria,
Rudiviridae,7,17,dsDNA,1 linear segment,20.2-36.5,no,filamentous,"23-38 nm diameter, 830-900 nm long",archaea,Rudiviridae
Saffermanviridae,5,10,dsDNA,1 linear segment,39.7-44.9,no,head-tail,"50 nm diameter head, 15 nm long tail",bacteria,
Salasmaviridae,13,35,dsDNA,1 linear segment,17.7-29.0,no,prolate head-tail,"52-54 nm long and 29-45 nm wide head, 30 nm long tail",bacteria,
Saparoviridae,2,2,dsDNA,1 linear segment,52.6-54.3,no,head-tail,"50-110 nm diameter head, tail variable or unknown",archaea,Saparoviridae
Sarkviridae,5,88,dsDNA,1 linear segment,39.7-44.9,no,head-tail,"60 nm diameter head, 120 nm long tail",bacteria,
Sarthroviridae,1,1,ssRNA(+),1 linear segment,0.7-0.9,no,icosahedral,15 nm diameter,invertebrates,Sarthroviridae
Satyavativiridae,1,1,dsDNA,1 linear segment,86.9-87.0,no,predicted head-tail,,archaea,
Schitoviridae,57,106,dsDNA,1 linear segment,59.0-79.4,no,head-tail,"50-70 nm diameter head, 10-40 nm long tail",bacteria,
Schizomimiviridae,2,2,dsDNA,1 linear segment,370.9-1421.2,no,icosahedral,150-400 nm diameter,protists,
Secoviridae,10,165,ssRNA(+),1-2 linear segments,8.8-15.5,no,icosahedral,25-30 nm diameter,plants,Secoviridae
Sedoreoviridae,7,45,dsRNA,10-12 linear segments,17.8-25.8,no,icosahedral,60-100 nm diameter,"protists, plants, invertebrates, vertebrates",Sedoreoviridae
Shortaselviridae,1,1,dsDNA,1 linear segment,32.1-32.2,no,head-tail,"60 nm diameter head, 50 nm long tail",archaea,Shortaselviridae
Simuloviridae,1,3,dsDNA,1 circular segment,16.4-19.0,no,icosahedral,70 nm diameter,archaea,Simuloviridae
Sinhaliviridae,1,2,ssRNA(+),1 linear segment,5.9-6.0,no,icosahedral,30 nm diameter,invertebrates,Sinhaliviridae
Soleiviridae,1,1,dsDNA,1 linear segment,63.3-63.4,no,head-tail,"47-108 nm diameter head, tail variable or unknown",archaea,Soleiviridae
Solemoviridae,5,120,ssRNA(+),1 linear segment,3.9-6.4,no,icosahedral,20-34 nm diameter,plants,Solemoviridae
Solinviviridae,2,2,ssRNA(+),1 linear segment,10.4-11.0,no,icosahedral,26-30 nm diameter,invertebrates,Solinviviridae
Sphaerolipoviridae,1,4,dsDNA,1 linear segment,28.0-31.4,no,icosahedral,80 nm diameter,archaea,Sphaerolipoviridae
Spinareoviridae,9,58,dsRNA,9-12 linear segments,22.4-29.4,no,icosahedral,60-85 nm diameter,"fungi, plants, invertebrates, vertebrates",Spinareoviridae
Spiraviridae,1,1,ssDNA(+),1 circular segment,24.8-24.9,no,cylindrical,"220-250 nm long, 30 nm wide",archaea,Spiraviridae
Sputniviroviridae,1,2,dsDNA,1 circular segment,17.2-18.4,no,icosahedral,50-70 nm diameter,protists,
Stackebrandtviridae,8,66,dsDNA,1 linear segment,55.0-61.3,no,head-tail,"50-70 nm diameter head, 150-300 nm long tail",bacteria,
Stanwilliamsviridae,9,27,dsDNA,1 linear segment,125.7-135.7,no,head-tail,"80 nm diameter head, 350 nm long tail",bacteria,
Steigviridae,12,17,dsDNA,1 linear segment,93.5-104.6,no,head-tail,"80 nm diameter head, 40 nm long tail",bacteria,
Steitzviridae,202,1289,ssRNA(+),1 linear segment,3.2-5.2,no,icosahedral,25 nm diameter,bacteria,
Straboviridae,37,209,dsDNA,1 linear segment,121.4-248.1,no,prolate head-tail,"120 nm long and 86 nm wide head, 130 nm long tail",bacteria,
Suolaviridae,1,1,dsDNA,1 linear segment,35.2-35.3,no,head-tail,"45-75 nm diameter head, tail variable or unknown",archaea,Suolaviridae
Tectiviridae,5,12,dsDNA,1 linear segment,14.3-18.3,no,icosahedral,66 nm diameter,bacteria,
Thaspiviridae,1,1,dsDNA,1 linear segment,27.5-29.0,no,spindle-shaped,"106-118 nm long, 61-67 nm wide",archaea,Thaspiviridae
Tombusviridae,18,93,ssRNA(+),1-2 linear segments,3.6-6.1,no,icosahedral,28-38 nm diameter,plants,
Tomosaviridae,1,1,ssRNA(+),1 linear segment,1.1,no,icosahedral,20 nm diameter,plants,Tomosaviridae
Tonesaviridae,2,4,ssRNA(+),1 linear segment,1.1-1.3,no,icosahedral,20 nm diameter,plants,Tonesaviridae
Trautnerviridae,3,6,dsDNA,1 linear segment,42.8-46.3,no,head-tail,"60 nm diameter head, 190 nm long tail",bacteria,
Turriviridae,1,2,dsDNA,1 circular segment,16.6-17.7,no,icosahedral,100 nm diameter,archaea,Turriviridae
Tymoviridae,3,43,ssRNA(+),1 linear segment,6.0-7.6,no,icosahedral,30 mn diameter,"plants, invertebrates",
Usuviridae,2,2,dsDNA,1 linear segment,37.0-38.9,no,head-tail,"65 nm diameter head, 270 nm long tail",archaea,
Vandenendeviridae,16,69,dsDNA,1 linear segment,84.5-101.6,no,head-tail,"80 nm diameter, 100 nm long",bacteria,
Vertoviridae,2,3,dsDNA,1 linear segment,55.1-58.5,no,head-tail,"60 nm diameter head, 110 nm long tail",archaea,Vertoviridae
Vilmaviridae,8,27,dsDNA,1 linear segment,68.0-84.4,no,head-tail,"60-80 nm long head, 345-350 nm long tail",bacteria,
Virgaviridae,7,59,ssRNA(+),1-3 linear segments,6.2-12.4,no,rod-shaped,"20 nm diameter, ≦300 nm long",plants,Virgaviridae
Winoviridae,2,3,dsDNA,1 linear segment,34.7-39.7,no,head-tail,"52 nm long head, 105 nm long tail",bacteria,
Yadonushiviridae,1,1,dsRNA,1 linear segment,8.9-9.0,no,icosahedral,40 nm diameter,fungi,
Zierdtviridae,9,27,dsDNA,1 linear segment,64.1-70.6,no,head-tail,"50-60 nm diameter head, 240-260 nm long tail",bacteria,
Zobellviridae,8,11,dsDNA,1 linear segment,38.8-49.7,no,head-tail,"60 nm long head, 20 nm long tail",bacteria,
Aliusviridae,2,12,ssRNA(-),1 linear segment,9.8-15.3,predicted yes,,,invertebrates,Aliusviridae
Hydriviridae,1,1,dsDNA,1 circular segment,1599.7-1599.8,predicted yes,predicted ovoid,,soil (S),
Lispiviridae,30,45,ssRNA(-),1 linear segment,6.4-15.7,predicted yes,,,invertebrates,Lispiviridae
Mypoviridae,1,1,ssRNA(-),3 linear segments,15.9-16.0,predicted yes,,,invertebrates,Mypoviridae
Myriaviridae,1,1,ssRNA(-),1 linear segment,13.5-13.6,predicted yes,,,invertebrates,Myriaviridae
Natareviridae,1,1,ssRNA(-),1 linear segment,12.8-12.9,predicted yes,,,invertebrates,Natareviridae
Alloherpesviridae,4,13,dsDNA,1 linear segment,134.2-295.2,yes,"pleomorphic, mostly spherical",150-200 diameter,vertebrates,Alloherpesviridae
Amnoonviridae,1,1,ssRNA(-),10 linear segments,10.3-10.4,yes,spherical,75-80 nm diameter,vertebrates,Amnoonviridae
Ampullaviridae,1,3,dsDNA,1 linear segment,22.6-28.5,yes,bottle-shaped,"230 nm long, 4-75 nm wide",archaea,Ampullaviridae
Arenaviridae,5,71,ssRNA(-); ssRNA(+/-),2-3 linear segments,9.2-17.9,yes,"pleomorphic, mostly spherical",40-150 nm diameter,vertebrates,Arenaviridae
Arteriviridae,13,23,ssRNA(+),1 linear segment,12.7-15.8,yes,spherical,50-74 nm diameter,vertebrates,Arteriviridae
Artoviridae,2,13,ssRNA(-),1 linear segment,10.5-12.5,yes,spherical,100-130 nm diameter,"plants, invertebrates",Artoviridae
Ascoviridae,2,4,dsDNA,1 circular segment,119.3-199.8,yes,"oblong, bacilliform, ovoid or allantoid","130 nm diameter, 200-400 nm long",invertebrates,Ascoviridae
Asfarviridae,1,1,dsDNA,1 linear segment,170.1-193.9,yes,"pleomorphic, mostly spherical",175-215 nm diameter,"invertebrates, vertebrates",Asfarviridae
Baculoviridae,4,101,dsDNA,1 circular segment,81.7-178.8,yes,occluded or budded,"30-60 nm diameter, 250-300 nm long",invertebrates,Baculoviridae
Bornaviridae,4,18,ssRNA(-),1 linear segment,8.7-11.1,yes,spherical,70-130 nm diameter,vertebrates,Bornaviridae
Coronaviridae,6,54,ssRNA(+),1 linear segment,25.4-36.7,yes,"pleomorphic, mostly spherical",80-160 nm diameter,vertebrates,Coronaviridae
Cremegaviridae,2,2,ssRNA(+),1 linear segment,14.9-17.8,yes,spherical,50-100 nm diameter,vertebrates,
Cruliviridae,1,4,ssRNA(-),3 linear segments,10.7-11.6,yes,spherical,60-80 nm diameter,invertebrates,Cruliviridae
Cystoviridae,7,9,dsRNA,3 linear segments,12.6-15.0,yes,spherical,85 nm diameter head,bacteria,Cystoviridae
Filamentoviridae,2,3,dsDNA,1 circular segment,101.1-137.9,yes,filamentous,"400-800 nm long, 40 nm wide",invertebrates,
Filoviridae,9,17,ssRNA(-),1 linear segment,13.7-21.0,yes,"pleomorphic, mostly filamentous","80 nm diameter, 20-1000 nm long",vertebrates,Filoviridae
Fimoviridae,1,33,ssRNA(-),4-10 linear segments,11.6-18.9,yes,spherical,80-150 nm diameter,plants,Fimoviridae
Flaviviridae,4,97,ssRNA(+),1 linear segment,8.5-13.3,yes,spherical,40-60 nm diameter,"invertebrates, vertebrates",Flaviviridae
Globuloviridae,1,4,dsDNA,1 linear segment,18.2-28.4,yes,spherical,70-100 nm diameter,archaea,Globuloviridae
Guttaviridae,1,1,dsDNA,1 circular segment,13.7-13.8,yes,ovoid,"75-130 nm long, 55-80 nm wide",archaea,Guttaviridae
Halspiviridae,1,1,dsDNA,1 linear segment,14.4-14.5,yes,spindle-shaped,"75 nm long, 35 nm wide",archaea,Halspiviridae
Hantaviridae,8,55,ssRNA(-),3 circular segments,10.5-14.6,yes,"pleomorphic, mostly spherical",80-120 nm diameter,vertebrates,Hantaviridae
Hepadnaviridae,5,27,dsDNA-RT,1 circular segment,3.0-3.6,yes,"pleomorphic, mostly spherical",42-50 nm diameter,vertebrates,Hepadnaviridae
Hytrosaviridae,2,2,dsDNA,1 circular segment,124.2-190.1,yes,rod-shaped,"65-100 nm wide, 550-1000 nm long",invertebrates,Hytrosaviridae
Kitaviridae,3,14,ssRNA(+),2-4 linear segments,12.0-15.4,yes,"pleomorphic, spherical and bacilliform",55-88 nm diameter or 25-70 nm wide and 55-120 nm long,"plants, invertebrates",Kitaviridae
Kolmioviridae,11,21,ssRNA(-),1 circular segment,1.5-1.8,yes,spherical,36-43 nm diameter,vertebrates,Kolmioviridae
Lipothrixviridae,3,10,dsDNA,1 linear segment,31.3-41.2,yes,filamentous,"24-38 nm diameter, 410-1950 nm long",archaea,Lipothrixviridae
Malacoherpesviridae,2,2,dsDNA,1 linear segment,207.4-211.6,yes,"pleomorphic, mostly spherical",150-200 nm diameter,invertebrates,Malacoherpesviridae
Matonaviridae,1,3,ssRNA(+),1 linear segment,9.6-9.8,yes,"pleomorphic, mostly spherical",50-90 nm diameter,vertebrates,Matonaviridae
Mesoniviridae,4,14,ssRNA(+),1 linear segment,18.9-21.0,yes,spherical,60-120 nm diameter,invertebrates,
Nairoviridae,8,60,ssRNA(-),3 linear segments,17.4-21.1,yes,spherical,80-120 nm diameter,"invertebrates, vertebrates",Nairoviridae
Nimaviridae,1,1,dsDNA,1 circular segment,280.5-309.3,yes,ellipsoid to bacilliform,"70-170 nm diameter, 210-420 nm long",invertebrates,Nimaviridae
Nudiviridae,4,13,dsDNA,1 circular segment,96.9-231.7,yes,rod-shaped or ellipsoidal,"80-100 nm diameter, 210-420 nm long",invertebrates,Nudiviridae
Nyamiviridae,7,29,ssRNA(-),1-2 linear segments,7.4-13.3,yes,spherical,100-130 nm diameter,"invertebrates, vertebrates",Nyamiviridae
Orthoherpesviridae,17,118,dsDNA,1 linear segment,108.4-241.1,yes,spherical,150-200 nm diameter,vertebrates,Orthoherpesviridae
Orthomyxoviridae,9,21,ssRNA(-),6-8 linear segments,10.3-14.4,yes,spherical or filamentous,120 nm diameter or 80-95 nm diameter and >250 nm long,"invertebrates, vertebrates",
Ovaliviridae,1,1,dsDNA,1 linear segment,23.2-23.3,yes,ellipsoid,"115 nm long, 80 nm wide",archaea,Ovaliviridae
Paramyxoviridae,23,153,ssRNA(-),1 linear segment,14.6-21.6,yes,"pleomorphic, mostly spherical (also filaments)",300-500 nm diameter,vertebrates,Paramyxoviridae
Peribunyaviridae,8,152,ssRNA(-),3 linear segments,10.6-17.7,yes,"pleomorphic, mostly spherical",80-120 nm diameter,"invertebrates, vertebrates",Peribunyaviridae
Phasmaviridae,7,30,ssRNA(-),3 linear segments,10.4-15.5,yes,spherical,80-120 nm diameter,invertebrates,Phasmaviridae
Plasmaviridae,1,1,dsDNA,1 circular segment,11.9-12.0,yes,"pleomorphic, mostly spherical",50-125 nm diameter,bacteria,Plasmaviridae
Pleolipoviridae,3,16,ssDNA; ssDNA(+/-); dsDNA,"1 circular segment, or 1 linear segment",7.0-17.0,yes,pleomorphic or pseudo-spherical,40-70 nm diameter,archaea,Pleolipoviridae
Pneumoviridae,2,5,ssRNA(-),1 linear segment,13.3-15.3,yes,"pleomorphic, filamentous or spherical","70-90 nm diameter and >2000 nm long, or 80-600 nm diameter",vertebrates,Pneumoviridae
Polydnaviriformidae,2,53,dsDNA,multiple circular segments,185.2-567.7,yes,ellipsoid,"250 nm diameter, 200-900 nm long",invertebrates,
Poxviridae,22,56,dsDNA,1 linear segment,127.8-359.9,yes,oval or brick-shaped,220-450 nm long x 140-260 nm wide x 140-260 nm high,"invertebrates, vertebrates",Poxviridae
Retroviridae,11,65,ssRNA-RT,2 identical linear segments,2.4-13.3,yes,spherical,80-100 nm diameter,vertebrates,Retroviridae
Roniviridae,2,4,ssRNA(+),1 linear segment,26.2-29.2,yes,rod-shaped,"40-60 nm diameter, 150-200 nm long",invertebrates,Roniviridae
Thalassapleoviridae,3,5,dsDNA,1 circular segment,13.3-18.0,yes,pleomorphic,50 nm diameter,archaea,
Tobaniviridae,11,22,ssRNA(+),1 linear segment,20.2-36.2,yes,"pleomorphic, mostly spherical",120-140 nm diameter,vertebrates,
Togaviridae,1,32,ssRNA(+),1 linear segment,11.2-12.1,yes,spherical,65-70 nm diameter,"invertebrates, vertebrates",Togaviridae
Tosoviridae,1,1,ssRNA(+/-),2 linear segments,12.3-12.4,yes,"pleomorphic, mostly spherical",110-125 nm diameter,vertebrates,Tosoviridae
Tospoviridae,1,28,ssRNA(+/-),3 linear segments,12.8-17.4,yes,spherical,80-120 nm diameter,"plants, invertebrates",
Tristromaviridae,2,3,dsDNA,1 linear segment,17.6-17.8,yes,filamentous,"30 nm diameter, 400 nm long",archaea,Tristromaviridae
Ungulaviridae,1,1,dsDNA,1 linear segment,20.8-20.9,yes,filamentous,"24 nm diameter, 900 nm long",archaea,Ungulaviridae
Hepeviridae,5,10,ssRNA(+),1 linear segment,6.5-7.4,yes or no,spherical or icosahedral,27-34 nm diameter,vertebrates,Hepeviridae
Iridoviridae,7,22,dsDNA,1 linear segment,102.6-288.9,yes or no,icosahedral,150-220 nm diameter,"invertebrates, vertebrates",Iridoviridae
Phenuiviridae,23,159,ssRNA(-); ssRNA(+/-),2-8 linear segments,7.7-25.2,yes or no,spherical or filamentous,"80-120 nm diameter or 2-2.5 nm in diameter, 200-3000 nm long","fungi, plants, invertebrates, vertebrates",Phenuiviridae
Rhabdoviridae,62,580,ssRNA(-),1-2 linear segments,9.8-16.7,yes or no,bullet-shaped/bacilliform or filamentous,"45-100 nm diameter, 100-430 nm long, or variable","plants, invertebrates, vertebrates",Rhabdoviridae
